<?xml version="1.0" encoding="UTF-8"?>
<beans xmlns="http://www.springframework.org/schema/beans" xmlns:xsi="http://www.w3.org/2001/XMLSchema-instance" xmlns:aop="http://www.springframework.org/schema/aop" xmlns:tx="http://www.springframework.org/schema/tx" xmlns:context="http://www.springframework.org/schema/context" xmlns:p="http://www.springframework.org/schema/p" xmlns:cache="http://www.springframework.org/schema/cache" xmlns:jaxws="http://cxf.apache.org/jaxws"
	xsi:schemaLocation="
                    http://www.springframework.org/schema/beans
                    http://www.springframework.org/schema/beans/spring-beans-3.1.xsd
                    http://www.springframework.org/schema/tx 
                    http://www.springframework.org/schema/tx/spring-tx-3.1.xsd
                    http://www.springframework.org/schema/aop 
                    http://www.springframework.org/schema/aop/spring-aop-3.1.xsd
                    http://www.springframework.org/schema/context      
                    http://www.springframework.org/schema/context/spring-context-3.1.xsd
                    http://www.springframework.org/schema/cache 
                    http://www.springframework.org/schema/cache/spring-cache-3.1.xsd
                    http://cxf.apache.org/jaxws http://cxf.apache.org/schemas/jaxws.xsd ">
                    
	<!-- 注解支持 -->
	<context:annotation-config />

	<!-- 启动组件扫描，排除@Controller组件，该组件由SpringMVC配置文件扫描 -->
	<context:component-scan base-package="com">
	</context:component-scan>

	<!-- 属性文件位置 -->
	<bean id="annotationPropertyConfigurer" class="org.springframework.beans.factory.config.PropertyPlaceholderConfigurer">
		<property name="locations">
			<list>
				<value>classpath:config/properties/mongodb.properties</value>
				<value>classpath:config/properties/common.properties</value>
				<value>classpath:config/properties/log4j.properties</value>
			</list>
		</property>
	</bean>
	<!-- <context:property-placeholder location="classpath:jdbc.properties" /> -->

	
	
	<!-- 实体映射 -->
	<bean id="packagesToScan" class="org.springframework.beans.factory.config.ListFactoryBean">
		<property name="sourceList">
			<list>
				<value>com.yiyuwangluo.test.entity</value>
			</list>
		</property>
	</bean>

	<!-- 注解式事务 -->
	<tx:annotation-driven transaction-manager="transactionManager" />
	<bean id="multipartResolver" class="org.springframework.web.multipart.commons.CommonsMultipartResolver">
		<property name="defaultEncoding" value="utf-8"></property>
	</bean>

	 <import resource="classpath:/config/mongodb/mongodb.xml"/>
</beans>